video_id,num_click,uploaded_time
LKukMbqe-cA,10만회,6일 전
jzU5RgFwbVE,13만회,12일 전
wC4tePnrb7w,22만회,2주 전
ql12C4pRaW0,18만회,3주 전
ABO5O43w3CM,47만회,1개월 전
agsqPTAcWNg,17만회,1개월 전
7FmoBfaL45g,24만회,2개월 전
vR8ZLVRjcBY,14만회,2개월 전
uNPa9Nw7BYk,7.5만회,2개월 전
BmdbBqaW0cU,18만회,2개월 전
DtVVFWA1TyA,12만회,2개월 전
R2Kv_Is5-YE,16만회,3개월 전
LvfBEJipU6o,24만회,3개월 전
5OEjcfept_M,14만회,4개월 전
6zVQ2TaXtPI,17만회,4개월 전
VL64tTnTkeY,18만회,4개월 전
Z0SSMuySeII,19만회,4개월 전
dr65gvlbgwU,18만회,5개월 전
JZi0OB1QxC8,39만회,5개월 전
LkEsOBiCmKY,34만회,5개월 전
6F6htEOaTZw,39만회,5개월 전
ibuf7Uu8AQk,24만회,6개월 전
vlkUpXvRiBw,28만회,6개월 전
t-wQe3lEzn8,13만회,6개월 전
BegvEpR9QIs,16만회,7개월 전
zQJEtCFJG0s,31만회,7개월 전
QNymzFeyLCI,39만회,7개월 전
AMc1JylT7Ao,24만회,7개월 전
ctqFR6tn-80,19만회,8개월 전
bpCKGGSm-uA,36만회,8개월 전
-21Fc_r95HE,18만회,8개월 전
NM8Y9-Q9iz0,27만회,8개월 전
Nxw5XluS3Ao,31만회,9개월 전
9jrTI8SBgaU,22만회,9개월 전
RzFz0NiXgcI,23만회,9개월 전
-W_r0KQPhP4,47만회,10개월 전
v5vgzAksz7M,48만회,10개월 전
pwAmLtpYaRg,29만회,10개월 전
YhuGHY34TAA,40만회,10개월 전
prCMJ2WHH8Y,19만회,11개월 전
dND84d-0DZM,30만회,11개월 전
iJSdFsDrQrk,22만회,11개월 전
c7ExJuB8__8,26만회,11개월 전
Qfo81L2E2DY,19만회,1년 전
R7vcGqH6H68,45만회,1년 전
C-htF8mWQeY,31만회,1년 전
v3d00Df1h70,36만회,1년 전
nw3ZyVR_X0s,55만회,1년 전
tDuUG76QrzQ,39만회,1년 전
RyHSrszNqEI,29만회,1년 전
9v1fbnXkchE,157만회,1년 전
k1cIO5eiSpg,35만회,1년 전
lXDm25tDxZY,169만회,1년 전
BRzt1t170og,40만회,1년 전
-BCqGJIXzwc,45만회,1년 전
b3aKs29igcQ,224만회,1년 전
r3hLcF0HwfA,36만회,1년 전
Iv1jxcatUpc,25만회,1년 전
shaXqy58oCo,26만회,1년 전
F0R0Q5rketY,28만회,1년 전
arK6Tr56opg,31만회,1년 전
UCEefsjvRYE,43만회,1년 전
qQTiH8VTCD8,31만회,1년 전
Dp-8S6EUde8,30만회,1년 전
VibLwxExuI0,21만회,1년 전
sincgd7o9YE,30만회,1년 전
duA3tl_lYXw,50만회,1년 전
uh_z948eg00,44만회,1년 전
07szvHJocI4,38만회,1년 전
Ai6ODqlYHwo,92만회,1년 전
YAkvZoVk3c0,32만회,1년 전
RJpBwUWYMxg,47만회,1년 전
84aWtwdsOnc,35만회,1년 전
jdy4xODKkCg,76만회,1년 전
9voZWjccbKA,40만회,1년 전
9q9t-2ffolY,53만회,1년 전
RIu_3wqEB2U,40만회,1년 전
jRoU5Vz4CtU,21만회,1년 전
onVzrF1w3AM,33만회,1년 전
iiADiDna5DU,51만회,1년 전
2WHM4vxS0D0,46만회,1년 전
kDSBhYxCJMA,26만회,1년 전
PliFTavpTuU,88만회,1년 전
E3xhmptcl-M,37만회,1년 전
k6kw6K8M6Cs,38만회,1년 전
vxQ6-8ZuXMU,44만회,2년 전
cnFWBB8y-Ck,31만회,2년 전
H6o1Ro1gXno,31만회,2년 전
r8sx4inP96s,41만회,2년 전
Pvbt2iiU8NA,40만회,2년 전
i_7WqJ8L3yQ,23만회,2년 전
niIzngWYiks,27만회,2년 전
Atq79oLgPUU,32만회,2년 전
VnB6G3q7Ilw,95만회,2년 전
8rcwh_wLuK0,112만회,2년 전
wKFvAjOMmF8,65만회,2년 전
Gcakv7G4PBM,38만회,2년 전
Hqz3AYxsEDk,21만회,2년 전
AR-tH4rEPYE,26만회,2년 전
1IkPggRZUcA,42만회,2년 전
PfcjX2YhxjU,48만회,2년 전
dUXCDpzw9zk,35만회,2년 전
A_jjsMkmqH8,35만회,2년 전
u3_Citt-O-Q,24만회,2년 전
L3xofP8hPZE,41만회,2년 전
5dehd_9_X5I,35만회,2년 전
_48FvsixvIQ,39만회,2년 전
o37FGNaGSk0,37만회,2년 전
IcMr3c68pYg,46만회,2년 전
yjWyuPWhF-Q,25만회,2년 전
2dIHFvWFz08,36만회,2년 전
BScrEW35VoA,35만회,2년 전
_p9eOEKzltU,46만회,2년 전
lz91mB8kxB4,41만회,2년 전
rrAwrXuKZ3A,25만회,2년 전
V5xcmnrtA9A,49만회,2년 전
mpHvz3xFZng,45만회,2년 전
9q-wE5IMoYc,27만회,2년 전
xgtxcRThqTg,33만회,2년 전
FF6tgwuzp9s,35만회,2년 전
0_ADcgRy0eY,84만회,3년 전
Bj9NjD1-G2E,41만회,3년 전
lkVH1aNyHJ8,41만회,3년 전
b2MxuIUkIrM,114만회,3년 전
jaa_p1XvV_A,92만회,3년 전
8R52LzPN6MA,155만회,3년 전
HpuyjPK15t8,33만회,3년 전
nhn3xRFh7HQ,33만회,3년 전
ok2DPxteoO0,35만회,3년 전
VFhniMH5ENw,80만회,3년 전
EOsZBk8gDWs,59만회,3년 전
wNGs5nnIjuM,36만회,3년 전
ovnE7_wWm6o,34만회,3년 전
2tZQNbPwh2Y,46만회,3년 전
Hgf1k1mp6zo,62만회,3년 전
I8Iw4-i_knc,38만회,3년 전
a1skx_GYrn4,33만회,3년 전
gzWx5_ErfsM,28만회,3년 전
jAp5HCv-c3g,23만회,3년 전
3a4eZcYskQQ,61만회,3년 전
BwLH01NAycA,26만회,3년 전
XWK7Fb4bYFc,20만회,3년 전
rcLcM2-myO8,49만회,3년 전
c1WY30o38DU,47만회,3년 전
9vNwSkZUIjE,47만회,3년 전
yaNhLh4YT-c,82만회,3년 전
WN0Rs17xooM,9.6만회,3년 전
-q6teqfsu4A,38만회,3년 전
gLCJ1-j6pJE,12만회,3년 전
P12BxQ0unuM,16만회,3년 전
dBJ1Olkc1Zw,9.7만회,3년 전
rDuQT2O_FBg,134만회,3년 전
1kmZjUorPpE,24만회,3년 전
-BBY9hij2UI,31만회,3년 전
Ug8H3CB28YA,13만회,3년 전
lydQ4-edwjQ,34만회,3년 전
N5_tWfhEfqI,16만회,3년 전
7B0axg1GfgQ,26만회,3년 전
1QYQI3ulvuU,12만회,3년 전
MeNJx-a1s1Q,22만회,3년 전
